,audio_duration,audio_spectral_centroid,audio_spectral_bandwidth,audio_spectral_rolloff,audio_zero_crossing_rate,audio_rms_energy,audio_harmonic_ratio
audio_duration,1.0,-0.097333708594719,-0.10140981152202842,-0.10039350189906059,-0.07559889517898663,-0.2000129465938775,-0.14691616483355643
audio_spectral_centroid,-0.097333708594719,1.0,0.9484863304459416,0.9883831652914791,0.8383774249167563,0.07597920319808604,-0.3017950189185605
audio_spectral_bandwidth,-0.10140981152202842,0.9484863304459416,1.0,0.9581154733544224,0.6422591073824113,0.13206449335030387,-0.3680690045238692
audio_spectral_rolloff,-0.10039350189906059,0.9883831652914791,0.9581154733544224,1.0,0.7746244362759998,0.08149589865551872,-0.3539182996560183
audio_zero_crossing_rate,-0.07559889517898663,0.8383774249167563,0.6422591073824113,0.7746244362759998,1.0,-0.06068932688343353,-0.048519634473461526
audio_rms_energy,-0.2000129465938775,0.07597920319808604,0.13206449335030387,0.08149589865551872,-0.06068932688343353,1.0,0.04561643491319267
audio_harmonic_ratio,-0.14691616483355643,-0.3017950189185605,-0.3680690045238692,-0.3539182996560183,-0.048519634473461526,0.04561643491319267,1.0
