Year,Telephones - Public,Telephones - Private,Telephones - Total,Additions - Public,Additions - Private,Share% age - Public,Share% age - Private,% age Growth - Public,% age Growth - Private
2008,94140019.22222222,402799409.8888889,496939429.1111111,9777297,122708956.0,19.015555555555554,80.98444444444445,1.161111111111111,3.481111111111111
2009,110190814.58333333,571495139.0833334,681685953.6666666,21905665,203172996.0,16.225833333333334,83.77416666666666,1.6775,3.079166666666667
2010,127210035.0,752717189.8333334,879927224.8333334,7687805,131569789.0,14.472499999999998,85.52749999999999,0.5158333333333334,1.515
2011,129515600.25,810864604.8333334,940380205.0833334,803722,-31843785.0,13.778333333333334,86.22166666666668,0.051666666666666666,-0.3283333333333333
2012,126308532.91666667,775673711.4166666,901982244.3333334,-7361308,27052175.0,14.0075,85.9925,-0.48333333333333334,0.29083333333333333
2013,113976743.25,832552996.1666666,946529739.4166666,-17034591,72844880.0,12.0525,87.9475,-1.24,0.7358333333333333
2014,102630724.5,880599095.0,983229819.5,-4042951,20374482.0,10.44,89.56,-1.935,1.17
